,unique_name,Museum,Föremålsbenämning,Kategori,Valör,Material,Storlek,Teknik,Antal,Antal fragment,Datering,Tidsperiod,Tillverkningsplats,Tillverkare,Tidigare ägare,Avbildad,Motiv,Stil,Inskription,Fysiska egenskaper,Föremålsnummer,Andra nummer,Litteratur,Historisk person,Historisk plats,Historisk händelse,Associerat ämne,Osteologisk artbedömning,Osteologisk benslagsbedömning,Osteologiska skador/sjukdomar,Osteologisk åldersbedömning,Osteologisk könsbestämning,Accessionsdatum,Förvärvsnummer,Omnämns i katalog,Förvärvsmetod,Förvärvskälla,Fyndplats,Arkeologisk kontext,Kontextnamn,Undersökare,Undersökningsår,Relaterat föremål,Tillhörande texter
0,Stenyxa från vikingatid,Historiska museet,yxa med skafthål,Yxor,10 bolognino (Notering),Päronträ (Kolven),Arkets vikning 4 mm (Höger ben)  Bredd 35 mm (Vänster arm),Camaïeudekor (Övre delen),1,1,1700 (cirka) – 1799 (cirka) Tillverkningsdatum noteringar,1700-tal,"Baoussé-Roussé, Menton (Tillverkningsplats notering)","Ablancourt, Nicolas Perrot d' (Tillverkare)",Alice Babs,"Abbas den store av Persien  Okänd fyndort, Sverige?  100-årsminnet av Alexander I:s födelse",Andreas begravning  Agatas martyrium,Djurornamentik stil III,"Dekor Frånsida: Lorem ipsum dolor sit amet, consectetur adipiscing elit., Latin (Samma text lorem ipsum fast översatt)",Form: Stor flodhäst,TESTPOST_SIS_01,Nr 1867: 17:17:17:896:783,"Naturligt åldrat papper. Rapport nr 4	2. Svenska papper 1908-1988, 3-7","Abramson, Abraham (Brukad av)","Nafplion, Grekland (Brukad i)",Slaget vid Brunnbäcks färja (Krigsbyte),Religion (Omnämnd på/i),Accipiter nisus (Sparvhök),Membrum superius (Arm),depressionsfraktur,+50,Kvinna,1836-02-02,TESTPOST_SIS_ACC_01,https://historiska.se/utstallningar/,Gåva,Historiska museet,"Plats: Ohio, San Juan County, Reapture Creek, Plats: Fagerskolan, Fornlämning: TESTPOST_SIS_GEO_FORNL_02","Boplats, Fatburstornet: 09876_TEST",Jättehögen,Arkeologiska forskningslaboratoriet  Örebro läns museum,1432 – 1448,TESTPOST_SIS_02,"Typ  Äldre inventarium  Datum  1937  Titel  SKOBORSTE.  Text  Borstrygg af björk, aflång med bågformiga ändar, bågformig öfversida och kälformiga sidokanter. Bindlar af svart tagel. Å öfversidan inskuret: W v H. Längd: 20 cm.; bredd: 6.3 cm.  Typ  Föremålsskylt  Titel  Nya vikingar  Text  Torshammarring av järn. Den vridna (torderade) ringen är ledad med upprullade ändar. Hängen i form av en torshammare och en liten ring med torshammare och en liten flat ring. Gravfynd från Väsby, Vallentuna socken, Uppland.  Typ  Äldre inventarium  Datum  1855  Titel  1:o Enligt Rapport till Kongl. Krigs Collegium af den 30 Juni 1851.  Text  1850 Maj 27 Från Lif Bevärings Regementet ..... 20 st Bröstharnesk af poleradt jern, med blå vapenplåt med tre kronor och deröfver en kongl. krona, fodrade, och kantade i armhålan med blått siden. 20 st Ryggharnesk, hörande till desamma Ofvanstående rustningar hafva varit begagnade af Lif Bevärings Regementets officerare vid tjenstgöring som Lifdrabanter. Rubrik: Tillkomna Effekter: Sida: 62  + Visa mer"
1,Svärdsfäste av järn. Från vikingatiden.,Skoklosters slott,Svärd,Metall,,Järn,Längd 190 mm  Bredd 93 mm (underhjalt),,1,1,800 – 1050 800-1050 EKR cirka,Vikingatid,,,"Brahe, Magnus  Fransen, Johan",,,,,,13389_SKO,,,,,,,,,,,,,,,,,,,,,,,
2,Skäggyxa av järn från vikingatiden.,Skoklosters slott,Skäggyxa,Yxor,,Järn,Längd 160 mm,Gjutning,1,,800 800-1050EKR cirka,,,,"Brahe, Magnus  Fransen, Johan",,,,,,13391_SKO,,,,,,,,,,,,,,,,,,,,,,,
3,Mynt av silver. Vikingatid.,Skoklosters slott,Mynt,Övriga reguljära mynt,,Silver,Diameter 21 mm  Tjocklek 1 mm,Prägling,1,,,,,,,,,,,,2720_SKO,,,,,,,,,,,,,,,,,,,,,,,
4,Svärdsfäste av järn. Från vikingatiden. (2),Skoklosters slott,Svärd Petersen H  Svärd,Metall,,Järn,Längd 85 mm (överhjalt)  Längd 98 mm (parerstång),,1,2,800 – 1050 800-1050EKR cirka,Vikingatid,,,"Brahe, Magnus  Fransen, Johan",,,,,,13394_SKO,,,,,,,,,,,,,,,,,,,,,,,
5,"Två spännbucklor. Ovala, enkelskaliga, av brons. Från vikingatiden.",Skoklosters slott,Oval spännbuckla P55  Spänne,,,Cu-legering  Järn,Bredd 65 mm  Längd 100 mm,,2,2,800 – 1100 800-1050EKR cirka,Vikingatid,,,,,,,,,13381_SKO,,,,,,,,,,,,,,,,,,,,,,,
6,Spjutspets,Historiska museet,Spjutspets,,,Järn,Vikt 302 g,,1,,,,,,,,,,,,1363755_HST,Fyndnummer: 1  FID: 1363755,,,,,,,,,,,,36124,,KML,,"Plats: RV 70, sträckan Enköping-Simtuna, Raä 240, Fornlämning: L1939:4263, Socken: Frösthult socken, Kommun: Enköping kommun, Landskap: Uppland, Land: Sverige",Utfyllnadslager: 677,,,,,
7,Spänne,Historiska museet,Spänne,Arkeologisk samling,,Cu-legering,Vikt 5 g,,1,,,,,,,,,,,,1386892_HST,Fyndnummer: 277  FID: 1386892,,,,,,,,,,,,36069,,KML,,"Plats: Rörby, Fornlämning: L1940:4235, Fastighet: Rörby 8:6, Socken: Bälinge socken, Kommun: Uppsala kommun, Landskap: Uppland, Land: Sverige",,,,,,
8,Kärl,Historiska museet,Kärl,,,Keramik,Vikt 12 g,,1,1,,,,,,,,,,,1381901_HST,Fyndnummer: 124  FID: 1381901,,,,,,,,,,,2019-04-30,36790,,KML,,"Plats: Storgården, Fornlämning: L1941:2641, Fastighet: Gamla Uppsala 20:1, Socken: Uppsala socken, Kommun: Uppsala kommun, Landskap: Uppland, Land: Sverige",Fyllning: 1689,1689,"Seiler, Anton",,,
9,Brodd,Historiska museet,Brodd,,,Järn,Vikt 7 g,,1,,,,,,,,,,,,1386727_HST,Fyndnummer: 331  FID: 1386727,,,,,,,,,,,,36069,,KML,,"Plats: Rörby, Fornlämning: L1940:4235, Fastighet: Rörby 8:6, Socken: Bälinge socken, Kommun: Uppsala kommun, Landskap: Uppland, Land: Sverige",,,,,,
10,Oval spännbuckla,Historiska museet,Oval spännbuckla  Spänne,Dräkttillbehör  Dräkt och personlig utrustning  Arkeologisk samling,,Brons,Bredd 12 mm  Längd 25 mm  Längd 25 mm  Bredd 12 mm,,,1,550 – 1100,Vendeltid  Vikingatid,,,,,,,,,15097_HST,Undernummer: 6  FID: 15097,,,,,,,,,,,,31456,http://catview.historiska.se/catview/CatViewServlet/index.jsp?action=search&redirect=true&inventoryNumber=31456,,,"Plats: Hägvide, Fornlämning: L1976:7349, Fastighet: Hägvide 1:18, Socken: Lärbro socken, Kommun: Gotland kommun, Landskap: Gotland, Land: Sverige",Skattfynd,,,,,
11,Ringspänne,Historiska museet,Ringspänne  Spänne,Dräkttillbehör  Dräkt och personlig utrustning  Arkeologisk samling,,Brons,,,1,1,800 – 1100,Vikingatid,,,,,,,,,26997_HST,Fyndnummer: 10  FID: 26997,,,,,,,,,,,,31893,,,,"Plats: Överburge, Fastighet: Överburge 1:20, Socken: Fardhem socken, Kommun: Gotland kommun, Landskap: Gotland, Land: Sverige",,,,,,
12,Armbygel,Historiska museet,Armbygel,Smycken  Dräkt och personlig utrustning  Arkeologisk samling,,Brons,Längd 37 mm  Längd 37 mm,,1,1,800 – 1100,Vikingatid,,,,,,,,,27077_HST,Fyndnummer: 6  FID: 27077,,,,,,,,,,,,31894,,,,"Plats: Binge, Fastighet: Binge 1:6, Socken: Alva socken, Kommun: Gotland kommun, Landskap: Gotland, Land: Sverige",,,,,,
13,Ansiktsmask,Historiska museet,Ansiktsmask  Antropomorft hänge  Hänge,Religion och kult,,Cu-legering,Vikt 9 g  Längd 45 mm  Bredd 25 mm,,1,1,800 – 1100,Vikingatid,,,,,,,,,488865_HST,Fyndnummer: 861  FID: 488865,,,,,,,,,,,,34108,,KML,,"Plats: Härads-Kumla, Fornlämning: L1984:2607, Fastighet: Härads-Kumla 2:9, Socken: Härad socken, Kommun: Strängnäs kommun, Landskap: Södermanland, Land: Sverige",Utfyllnadslager: 86,,,,,
14,Nitbricka,Historiska museet,Nitbricka,,,Järn,Vikt 6 g,,1,,,,,,,,,,,,1381585_HST,Fyndnummer: 37  FID: 1381585,,,,,,,,,,,2019-11-07,36795,,KML,,"Plats: Nyby, väg 288 mellan Hov och Alunda, Fornlämning: L1940:6403, Fastighet: Mjölsta 1:4, Socken: Stavby socken, Kommun: Uppsala kommun, Landskap: Uppland, Land: Sverige",Ässja: 410,,,,,
15,Ben,Historiska museet,Ben,,,Ben,Vikt 1 g,,1,,,,,,,,,,,,1381552_HST,Fyndnummer: 4  FID: 1381552,,,,,,,,,,,2019-11-07,36795,,KML,,"Plats: Nyby, väg 288 mellan Hov och Alunda, Fornlämning: L1940:6403, Fastighet: Mjölsta 1:4, Socken: Stavby socken, Kommun: Uppsala kommun, Landskap: Uppland, Land: Sverige",Ässja: 410,,,,,
16,Bleck,Historiska museet,Bleck,,,Cu-legering,Vikt 1 g,,1,,,,,,,,,,,,1381561_HST,Fyndnummer: 13  FID: 1381561,,,,,,,,,,,2019-11-07,36795,,KML,,"Plats: Nyby, väg 288 mellan Hov och Alunda, Fornlämning: L1940:6403, Fastighet: Mjölsta 1:4, Socken: Stavby socken, Kommun: Uppsala kommun, Landskap: Uppland, Land: Sverige",Ässja: 410,,,,,
17,Kärl (2),Historiska museet,Kärl,Arkeologisk samling,,Keramik,Vikt 7.7 gram,,1,,750 – 1100,Vikingatid,,,,,,,,,3135166,Fyndnummer: 149,,,,,,,,,,,,36131,,KML,,"Plats: Björkö by, Fornlämning: L2013:3012, Fastighet: Västergården, Socken: Adelsö socken, Kommun: Ekerö kommun, Landskap: Uppland, Land: Sverige",Lager: 471,,,,,
18,Mynt,Historiska museet,Mynt,Betalningsmedel  Handel och värdemätare  Arkeologisk samling,,Silver,,,8,,800 – 1100,Vikingatid,,,,,,,,,12234_HST,Fyndnummer: 1-8  FID: 12234,,,,,,,,,,,,31739,,,,"Plats: Bölske, Fornlämning: L1977:6063, Fastighet: Bölske 1:4, Socken: Eke socken, Kommun: Gotland kommun, Landskap: Gotland, Land: Sverige",,,,,,
19,Mynt (2),Historiska museet,Mynt,Betalningsmedel  Handel och värdemätare  Arkeologisk samling,,Silver,,,,3,800 – 1100,Vikingatid,,,,,,,,,12254_HST,Fyndnummer: 7-9  FID: 12254,,,,,,,,,,,,31741,,,,"Plats: Överburge, Fastighet: Överburge 1:20, Socken: Fardhem socken, Kommun: Gotland kommun, Landskap: Gotland, Land: Sverige",,,,,,
20,Dosformigt spänne,Historiska museet,Dosformigt spänne  Spänne,Dräkttillbehör  Dräkt och personlig utrustning  Arkeologisk samling,,Brons,,,1,,800 – 1100,Vikingatid,,,,,,,,,34497_HST,Fyndnummer: 6  FID: 34497,,,,,,,,,,,,32211,,,,"Plats: Botarve, Fastighet: Botarve 1:5, Socken: Väte socken, Kommun: Gotland kommun, Landskap: Gotland, Land: Sverige",,,,,,
21,Bryne,Historiska museet,Bryne,verktyg & redskap  Hantverk och redskap  Arkeologisk samling,,Skiffer,Längd 65 mm  Längd 65 mm,,1,1,800 – 1250,Vikingatid  Tidig medeltid,,,,,,,,,27088_HST,Fyndnummer: 5  FID: 27088,,,,,,,,,,,,31895,,,,"Plats: Bölske, Fastighet: Bölske 1:2, Socken: Grötlingbo socken, Kommun: Gotland kommun, Landskap: Gotland, Land: Sverige",,,,,,
22,Nyckel,Historiska museet,Nyckel,Övrigt  Husgeråd och livsmedel  Arkeologisk samling,,Järn,,,1,1,800 – 1500,Vikingatid  Medeltid,,,,,,,,,27026_HST,Fyndnummer: 39  FID: 27026,,,,,,,,,,,,31893,,,,"Plats: Överburge, Fastighet: Överburge 1:20, Socken: Fardhem socken, Kommun: Gotland kommun, Landskap: Gotland, Land: Sverige",,,,,,
23,Tyskt mynt,Historiska museet,Tyskt mynt  Mynt,Handel och värdemätare,,Silver,,,1,,800 – 1100,Vikingatid,,,,,,,,,455475_HST,Undernummer: 1  FID: 455475,,,,,,,,,,,,34346,,KML,,"Plats: Timans, Fornlämning: L1976:9492, Fastighet: Timans 2:1, Socken: Roma socken, Kommun: Gotland kommun, Landskap: Gotland, Land: Sverige",,,,,,
24,Beslag,Historiska museet,Beslag,,,Järn,Vikt 3 g,,1,,,,,,,,,,,,1381584_HST,Fyndnummer: 36  FID: 1381584,,,,,,,,,,,2019-11-07,36795,,KML,,"Plats: Nyby, väg 288 mellan Hov och Alunda, Fornlämning: L1940:6403, Fastighet: Mjölsta 1:4, Socken: Stavby socken, Kommun: Uppsala kommun, Landskap: Uppland, Land: Sverige",Ässja: 410,,,,,
25,Spänne (2),Historiska museet,Spänne,Arkeologisk samling,,Cu-legering,Vikt 2 g,,1,,,,,,,,,,,,1386891_HST,Fyndnummer: 274  FID: 1386891,,,,,,,,,,,,36069,,KML,,"Plats: Rörby, Fornlämning: L1940:4235, Fastighet: Rörby 8:6, Socken: Bälinge socken, Kommun: Uppsala kommun, Landskap: Uppland, Land: Sverige",,,,,,
26,Ten,Historiska museet,Ten,,,Cu-legering,Vikt 1 g,,1,,,,,,,,,,,,1381553_HST,Fyndnummer: 5  FID: 1381553,,,,,,,,,,,2019-11-07,36795,,KML,,"Plats: Nyby, väg 288 mellan Hov och Alunda, Fornlämning: L1940:6403, Fastighet: Mjölsta 1:4, Socken: Stavby socken, Kommun: Uppsala kommun, Landskap: Uppland, Land: Sverige",Ässja: 410,,,,,
27,Spill,Historiska museet,Spill,,,Järn,Vikt 4 g,,1,,,,,,,,,,,,1381576_HST,Fyndnummer: 28  FID: 1381576,,,,,,,,,,,2019-11-07,36795,,KML,,"Plats: Nyby, väg 288 mellan Hov och Alunda, Fornlämning: L1940:6403, Fastighet: Mjölsta 1:4, Socken: Stavby socken, Kommun: Uppsala kommun, Landskap: Uppland, Land: Sverige",Ässja: 410,,,,,
28,Spik,Historiska museet,Spik,,,Järn,Vikt 8 g,,1,,,,,,,,,,,,1381575_HST,Fyndnummer: 27  FID: 1381575,,,,,,,,,,,2019-11-07,36795,,KML,,"Plats: Nyby, väg 288 mellan Hov och Alunda, Fornlämning: L1940:6403, Fastighet: Mjölsta 1:4, Socken: Stavby socken, Kommun: Uppsala kommun, Landskap: Uppland, Land: Sverige",Ässja: 410,,,,,
29,Spik (2),Historiska museet,Spik,,,Järn,Vikt 6 g,,1,,,,,,,,,,,,1381589_HST,Fyndnummer: 41  FID: 1381589,,,,,,,,,,,2019-11-07,36795,,KML,,"Plats: Nyby, väg 288 mellan Hov och Alunda, Fornlämning: L1940:6403, Fastighet: Mjölsta 1:4, Socken: Stavby socken, Kommun: Uppsala kommun, Landskap: Uppland, Land: Sverige",Ässja: 410,,,,,
30,Hästskosöm,Historiska museet,Hästskosöm,,,Järn,Vikt 4 g,,1,,,,,,,,,,,,1381591_HST,Fyndnummer: 43  FID: 1381591,,,,,,,,,,,2019-11-07,36795,,KML,,"Plats: Nyby, väg 288 mellan Hov och Alunda, Fornlämning: L1940:6403, Fastighet: Mjölsta 1:4, Socken: Stavby socken, Kommun: Uppsala kommun, Landskap: Uppland, Land: Sverige",Ässja: 410,,,,,
31,Nit,Historiska museet,Nit,,,Järn,Vikt 7 g,,1,,,,,,,,,,,,1381588_HST,Fyndnummer: 40  FID: 1381588,,,,,,,,,,,2019-11-07,36795,,KML,,"Plats: Nyby, väg 288 mellan Hov och Alunda, Fornlämning: L1940:6403, Fastighet: Mjölsta 1:4, Socken: Stavby socken, Kommun: Uppsala kommun, Landskap: Uppland, Land: Sverige",Ässja: 410,,,,,
32,843b470b-187b-4a48-a4da-d69fc3401a9f,Historiska museet,,Arkeologisk samling,,Keramik,,,1,,,,,,,,,,,,3134921,Fyndnummer: 8,,,,,,,,,,,,36130,,KML,,"Plats: Björkö by, Fornlämning: L2013:3012, Fastighet: Västergården, Socken: Adelsö socken, Kommun: Ekerö kommun, Landskap: Uppland, Land: Sverige",Lager: 589,,,,,
33,Djurhuvudformat spänne,Historiska museet,Djurhuvudformat spänne  Spänne,Dräkttillbehör  Dräkt och personlig utrustning  Arkeologisk samling,,Brons,,,1,,800 – 1100,Vikingatid,,,,,,,,,34496_HST,Fyndnummer: 5  FID: 34496,,,,,,,,,,,,32211,,,,"Plats: Botarve, Fastighet: Botarve 1:5, Socken: Väte socken, Kommun: Gotland kommun, Landskap: Gotland, Land: Sverige",,,,,,
34,Djurhuvudformat spänne (2),Historiska museet,Djurhuvudformat spänne  Spänne,Dräkttillbehör  Dräkt och personlig utrustning  Arkeologisk samling,,Brons,Bredd 25 mm  Höjd 16 mm  Längd 46 mm  Längd 46 mm  Bredd 25 mm  Höjd 16 mm  + Visa 1 till,,1,,800 – 1100,Vikingatid,,,,,,,,,12301_HST,Fyndnummer: 33  FID: 12301,,,,,,,,,,,,31743,,,,"Plats: Rangvalds, Fornlämning: L1977:9850, Fastighet: Rangvalds 1:10, Socken: Havdhem socken, Kommun: Gotland kommun, Landskap: Gotland, Land: Sverige",,,,,,
35,Ringspänne (2),Historiska museet,Ringspänne  Spänne  Nål,Dräkttillbehör  Dräkt och personlig utrustning  Arkeologisk samling,,Brons,Bredd 14 mm  Längd 42 mm  Längd 42 mm  Bredd 14 mm,,,1,800 – 1100,Vikingatid,,,,,,,,,13389_HST,Undernummer: II  Fyndnummer: 4  FID: 13389,,,,,,,,,,,,31605,,,,"Plats: Norrkvie, Fastighet: Norrkvie 1:16, 1:24, Socken: Grötlingbo socken, Kommun: Gotland kommun, Landskap: Gotland, Land: Sverige",fyndområde: II,,,,,
36,Pilspets,Historiska museet,Pilspets,,,Järn,Vikt 38.5 g,,1,,,,,,,,,,,,1347354_HST,Fyndnummer: 1000  FID: 1347354,,,,,,,,,,,,35463,,KML,,"Plats: Nibble, Socken: Tillinge socken, Kommun: Enköping kommun, Landskap: Uppland, Land: Sverige",,,,,,
37,Våg,Historiska museet,Våg,,,Cu-legering,Vikt 8 g,,1,,,,,,,,,,,,1386902_HST,Fyndnummer: 281  FID: 1386902,,,,,,,,,,,,36069,,KML,,"Plats: Rörby, Fornlämning: L1940:4235, Fastighet: Rörby 8:6, Socken: Bälinge socken, Kommun: Uppsala kommun, Landskap: Uppland, Land: Sverige",,,,,,
38,Band,Historiska museet,Band,,,Cu-legering,Vikt 2 g,,1,,,,,,,,,,,,1381560_HST,Fyndnummer: 12  FID: 1381560,,,,,,,,,,,2019-11-07,36795,,KML,,"Plats: Nyby, väg 288 mellan Hov och Alunda, Fornlämning: L1940:6403, Fastighet: Mjölsta 1:4, Socken: Stavby socken, Kommun: Uppsala kommun, Landskap: Uppland, Land: Sverige",Ässja: 410,,,,,
39,Kniv,Historiska museet,Kniv,,,Järn,Vikt 5 g,,1,,,,,,,,,,,,1381574_HST,Fyndnummer: 26  FID: 1381574,,,,,,,,,,,2019-11-07,36795,,KML,,"Plats: Nyby, väg 288 mellan Hov och Alunda, Fornlämning: L1940:6403, Fastighet: Mjölsta 1:4, Socken: Stavby socken, Kommun: Uppsala kommun, Landskap: Uppland, Land: Sverige",Ässja: 410,,,,,
40,Beslag (2),Historiska museet,Beslag,,,Järn,Vikt 10 g,,1,,,,,,,,,,,,1381577_HST,Fyndnummer: 29  FID: 1381577,,,,,,,,,,,2019-11-07,36795,,KML,,"Plats: Nyby, väg 288 mellan Hov och Alunda, Fornlämning: L1940:6403, Fastighet: Mjölsta 1:4, Socken: Stavby socken, Kommun: Uppsala kommun, Landskap: Uppland, Land: Sverige",Ässja: 410,,,,,
41,Kedja,Historiska museet,Kedja,Arkeologisk samling,,Cu-legering,Vikt 3.6 g,,1,1,,,,,,,,,,,1372855_HST,Fyndnummer: M19  FID: 1372855,,,,,,,,,,,2023-07-14,36593,,KML,,"Plats: Raä 160:1, Fornlämning: L1976:1007, Fastighet: Mattsarve 1:33, Socken: Lau socken, Kommun: Gotland kommun, Landskap: Gotland, Land: Sverige",,,"Carlsson, Dan",,,
42,Knapp,Historiska museet,Knapp,Dräkt och personlig utrustning,,Bly,,,1,,1800 – 1999,1800-tal  1900-tal,,,,,,,,,544412_HST,Undernummer: 32  Fyndnummer: 32  FID: 544412,,,,,,,,,,,2008-03-07,34759,,,,"Plats: Stockholm, Historiska museets stora innergård, Fornlämning: Stockholm 73:1, Socken: Stockholm stad(0091), Kommun: Stockholm kommun, Landskap: Uppland, Land: Sverige",Utfyllnadslager: 2,,,,,
43,Föremål,Historiska museet,Föremål,Arkeologisk samling,,Cu-legering,Vikt 5 g,,1,,,,,,,,,,,,1363793_HST,Fyndnummer: 41  FID: 1363793,,,,,,,,,,,,36124,,KML,,"Plats: RV 70, sträckan Enköping-Simtuna, Raä 240, Fornlämning: L1939:4263, Socken: Frösthult socken, Kommun: Enköping kommun, Landskap: Uppland, Land: Sverige",Utfyllnadslager: 200,,,,,
44,Kniv (2),Historiska museet,Kniv,,,Järn,Vikt 6 g,,1,,,,,,,,,,,,1381581_HST,Fyndnummer: 33  FID: 1381581,,,,,,,,,,,2019-11-07,36795,,KML,,"Plats: Nyby, väg 288 mellan Hov och Alunda, Fornlämning: L1940:6403, Fastighet: Mjölsta 1:4, Socken: Stavby socken, Kommun: Uppsala kommun, Landskap: Uppland, Land: Sverige",Ässja: 410,,,,,
45,Spill (2),Historiska museet,Spill,,,Järn,Vikt 11 g,,6,,,,,,,,,,,,1381582_HST,Fyndnummer: 34  FID: 1381582,,,,,,,,,,,2019-11-07,36795,,KML,,"Plats: Nyby, väg 288 mellan Hov och Alunda, Fornlämning: L1940:6403, Fastighet: Mjölsta 1:4, Socken: Stavby socken, Kommun: Uppsala kommun, Landskap: Uppland, Land: Sverige",Ässja: 410,,,,,
46,beslagsring,Historiska museet,beslagsring,,,Järn,Vikt 7 g,,1,,,,,,,,,,,,1381578_HST,Fyndnummer: 30  FID: 1381578,,,,,,,,,,,2019-11-07,36795,,KML,,"Plats: Nyby, väg 288 mellan Hov och Alunda, Fornlämning: L1940:6403, Fastighet: Mjölsta 1:4, Socken: Stavby socken, Kommun: Uppsala kommun, Landskap: Uppland, Land: Sverige",Ässja: 410,,,,,
47,Nit (2),Historiska museet,Nit,,,Järn,Vikt 5 g,,1,,,,,,,,,,,,1381580_HST,Fyndnummer: 32  FID: 1381580,,,,,,,,,,,2019-11-07,36795,,KML,,"Plats: Nyby, väg 288 mellan Hov och Alunda, Fornlämning: L1940:6403, Fastighet: Mjölsta 1:4, Socken: Stavby socken, Kommun: Uppsala kommun, Landskap: Uppland, Land: Sverige",Ässja: 410,,,,,
48,Bleck (2),Historiska museet,Bleck,,,Cu-legering,Vikt 5 g,,1,,,,,,,,,,,,1381556_HST,Fyndnummer: 8  FID: 1381556,,,,,,,,,,,2019-11-07,36795,,KML,,"Plats: Nyby, väg 288 mellan Hov och Alunda, Fornlämning: L1940:6403, Fastighet: Mjölsta 1:4, Socken: Stavby socken, Kommun: Uppsala kommun, Landskap: Uppland, Land: Sverige",Ässja: 410,,,,,
49,Svärd,Historiska museet,Svärd  Svärdsknapp,Vapen och rustningar  Arkeologisk samling,,Cu-legering,,,1,1,,Vikingatid,,,,,,,,,117552_HST,Undernummer: 505  FID: 117552,,,,,,,,,,,,21144,http://catview.historiska.se/catview/CatViewServlet/index.jsp?action=search&redirect=true&inventoryNumber=21144,,,"Plats: Slottsfjärden, Fornlämning: L1955:3147, Socken: Kalmar socken, Kommun: Kalmar kommun, Landskap: Småland, Land: Sverige",,,"Åkerlund, Harald",,,
50,Polyedrisk vikt,Historiska museet,Polyedrisk vikt  Vikt,Handel  Handel och värdemätare  Arkeologisk samling,,Brons,Vikt 4.2 g,,1,,800 – 1100,Vikingatid,,,,,,,,,34510_HST,Fyndnummer: 30  FID: 34510,,,,,,,,,,,,32211,,,,"Plats: Botarve, Fastighet: Botarve 1:5, Socken: Väte socken, Kommun: Gotland kommun, Landskap: Gotland, Land: Sverige",,,,,,
51,Knopp,Historiska museet,Knopp,,,Cu-legering  Järn,,,1,,,,,,,,,,,,1371219_HST,Fyndnummer: 143  FID: 1371219,,,,,,,,,,,2021-01-26,36565,,KML,,"Plats: Raä 187:2, Fornlämning: L1977:6931, Fastighet: Uddvide 1:20, Socken: Grötlingbo socken, Kommun: Gotland kommun, Landskap: Gotland, Land: Sverige",,,,,,
52,Ten (2),Historiska museet,Ten,,,Cu-legering,Vikt 1 g,,1,,,,,,,,,,,,1381562_HST,Fyndnummer: 14  FID: 1381562,,,,,,,,,,,2019-11-07,36795,,KML,,"Plats: Nyby, väg 288 mellan Hov och Alunda, Fornlämning: L1940:6403, Fastighet: Mjölsta 1:4, Socken: Stavby socken, Kommun: Uppsala kommun, Landskap: Uppland, Land: Sverige",Ässja: 410,,,,,
53,kittelhank,Historiska museet,kittelhank,,,Järn,Vikt 77.3 gram,,1,,,,,,,,,,,,3094255,Fyndnummer: 182:1245:1,,,,,,,,,,,2022-11-10,37122,,KML,,"Fornlämning: L2008:2052, Plats: Händelö gård, Fastighet: Händelö 2:1, Socken: Norrköping socken, Kommun: Norrköping kommun, Landskap: Östergötland, Land: Sverige",Härd: 182,,Arkeologikonsult AB,,,
54,kulformad knapp,Historiska museet,kulformad knapp  Knapp,Dräkttillbehör  Dräkt och personlig utrustning  Arkeologisk samling,,Brons,Diameter 8 mm  Längd 14 mm  Längd 14 mm  Diameter 8 mm,,1,,800 – 1100,Vikingatid,,,,,,,,,14599_HST,Fyndnummer: 9  FID: 14599,,,,,,,,,,,,31625,,,,"Plats: Lingvide, Fastighet: Lingvide 1:23, Socken: Havdhem socken, Kommun: Gotland kommun, Landskap: Gotland, Land: Sverige",,,,,,
55,Remdelare,Historiska museet,Remdelare,Dräkttillbehör  Arkeologisk samling,,Brons,Längd 90 mm  Längd 90 mm,,1,,500 f.Kr. – 1100,Järnålder,,,,,,,,,14595_HST,Fyndnummer: 5  FID: 14595,,,,,,,,,,,,31625,,,,"Plats: Lingvide, Fastighet: Lingvide 1:23, Socken: Havdhem socken, Kommun: Gotland kommun, Landskap: Gotland, Land: Sverige",,,,,,
56,Dosformigt spänne (2),Historiska museet,Dosformigt spänne  Spänne,Dräkttillbehör  Dräkt och personlig utrustning  Arkeologisk samling,,Brons,Diameter 45 mm  Höjd 15 mm  Höjd 15 mm  Diameter 45 mm,,,1,800 – 1100,Vikingatid,,,,,,,,,14591_HST,Fyndnummer: 1  FID: 14591,,,,,,,,,,,,31625,,,,"Plats: Lingvide, Fastighet: Lingvide 1:23, Socken: Havdhem socken, Kommun: Gotland kommun, Landskap: Gotland, Land: Sverige",,,,,,
57,Brodd (2),Historiska museet,Brodd,,,Järn,Vikt 8 g,,1,,,,,,,,,,,,1213917_HST,Fyndnummer: 3846  FID: 1213917,,,,,,,,,,,,35464,,KML,,"Plats: Skeke, Fornlämning: L1940:5093, Socken: Rasbo socken, Kommun: Uppsala kommun, Landskap: Uppland, Land: Sverige",,,,,,
58,Polyedrisk vikt (2),Historiska museet,Polyedrisk vikt  Vikt,Handel  Handel och värdemätare  Arkeologisk samling,,Brons  Bly,Vikt 6.9 g,,1,,800 – 1100,Vikingatid,,,,,,,,,34511_HST,Fyndnummer: 31  FID: 34511,,,,,,,,,,,,32211,,,,"Plats: Botarve, Fastighet: Botarve 1:5, Socken: Väte socken, Kommun: Gotland kommun, Landskap: Gotland, Land: Sverige",,,,,,
59,Dräktnål,Historiska museet,Dräktnål  Nål,Dräkttillbehör  Dräkt och personlig utrustning  Arkeologisk samling,,Brons,Längd 65 mm  Längd 65 mm,,1,,800 – 1100,Vikingatid,,,,,,,,,27085_HST,Fyndnummer: 2  FID: 27085,,,,,,,,,,,,31895,,,,"Plats: Bölske, Fastighet: Bölske 1:2, Socken: Grötlingbo socken, Kommun: Gotland kommun, Landskap: Gotland, Land: Sverige",,,,,,
60,Kulformig vikt,Historiska museet,Kulformig vikt  Vikt,Handel  Handel och värdemätare,,Bly,Vikt 29 g,,1,,800 – 1250,Vikingatid  Tidig medeltid,,,,,,,,,34509_HST,Fyndnummer: 29  FID: 34509,,,,,,,,,,,,32211,,,,"Plats: Botarve, Fastighet: Botarve 1:5, Socken: Väte socken, Kommun: Gotland kommun, Landskap: Gotland, Land: Sverige",,,,,,
61,Trattumlare,Historiska museet,Trattumlare  Trattbägare  Kärl  kärlkropp,Husgeråd och livsmedel  Arkeologisk samling,,Glas,,,,1,550 – 1100,Vendeltid  Vikingatid,,,,,,,,,124242_HST,Fyndnummer: 677  FID: 124242,,,,,,,,,,,,25075,http://catview.historiska.se/catview/CatViewServlet/index.jsp?action=search&redirect=true&inventoryNumber=25075,,,"Plats: Helgö, Husgrupp 2, Fornlämning: L2017:5261, Fastighet: Bona 4:43, Socken: Ekerö socken, Kommun: Ekerö kommun, Landskap: Uppland, Land: Sverige",Husgrupp: 2:I,,,,,
62,Avslag,Historiska museet,Avslag,Hantverk och redskap,,Kvarts,,,,1,1500 – 2020,Nyare tid,,,,,,,,,600143_HST,Undernummer: 952  Fyndnummer: 952  FID: 600143,,,,,,,,,,,2008-03-07,34759,,,,"Plats: Stockholm, Historiska museets stora innergård, Fornlämning: Stockholm 73:1, Socken: Stockholm stad(0091), Kommun: Stockholm kommun, Landskap: Uppland, Land: Sverige",Utfyllnadslager: 2,,,,,
63,Påle,Historiska museet,Påle,,,Trä,,,1,,800 – 1100,Vikingatid,,,,,,,,,1090339_HST,Undernummer: 119  FID: 1090339,,,,,,,,,,,,35274,,,,Land: Sverige,,,,,,
64,Metkrok,Historiska museet,Metkrok,,,Järn,Vikt 5 g,,1,,,,,,,,,,,,1213969_HST,Fyndnummer: 3700  FID: 1213969,,,,,,,,,,,,35464,,KML,,"Plats: Skeke, Fornlämning: L1940:5093, Socken: Rasbo socken, Kommun: Uppsala kommun, Landskap: Uppland, Land: Sverige",,,,,,
65,Draglåsnyckel,Historiska museet,Draglåsnyckel  Nyckel,Arkeologisk samling,,Järn,Vikt 17 g,,1,,,,,,,,,,,,1213857_HST,Fyndnummer: 3806  FID: 1213857,,,,,,,,,,,,35464,,KML,,"Plats: Skeke, Fornlämning: L1940:5093, Socken: Rasbo socken, Kommun: Uppsala kommun, Landskap: Uppland, Land: Sverige",,,,,,
66,Krampa,Historiska museet,Krampa,,,Järn,Vikt 3 g,,1,,,,,,,,,,,,1214000_HST,Fyndnummer: 3795  FID: 1214000,,,,,,,,,,,,35464,,KML,,"Plats: Skeke, Fornlämning: L1940:5093, Socken: Rasbo socken, Kommun: Uppsala kommun, Landskap: Uppland, Land: Sverige",,,,,,
67,Sölja,Historiska museet,Sölja,,,Cu-legering,Vikt 15 g,,1,,,,,,,,,,,,1213751_HST,Fyndnummer: 3707  FID: 1213751,,,,,,,,,,,,35464,,KML,,"Plats: Skeke, Fornlämning: L1940:5093, Socken: Rasbo socken, Kommun: Uppsala kommun, Landskap: Uppland, Land: Sverige",,,,,,
68,Ryggknappspänne,Historiska museet,Ryggknappspänne  Spänne,Dräkttillbehör  Dräkt och personlig utrustning  Arkeologisk samling,,Brons,Höjd 24 mm  Höjd 24 mm,,,1,800 – 1100,Vikingatid,,,,,,,,,12242_HST,Undernummer: 25  FID: 12242,,,,,,,,,,,,31740,,,,"Plats: Hemängen, Fornlämning: L1977:4630, Fastighet: Hemängen 2:1, Socken: Etelhem socken, Kommun: Gotland kommun, Landskap: Gotland, Land: Sverige",,,,,,
69,Koskälla,Historiska museet,Koskälla  kläpp,,,Järn,Vikt 57.7 g,,1,,,,,,,,,,,,1217861_HST,Fyndnummer: 65  FID: 1217861,,,,,,,,,,,,35464,,KML,,"Plats: Strömmen, Fornlämning: L1942:590, Socken: Rasbo socken, Kommun: Uppsala kommun, Landskap: Uppland, Land: Sverige",,,,,,
70,Dosa,Historiska museet,Dosa  snok,,,Brons  Organiskt material,Diameter 60 mm,,1,,1600 – 1799,1600-tal  1700-tal,,,,,,,,,371710_HST,FID: 371710,,,,,,,,,,,,8152,http://catview.historiska.se/catview/CatViewServlet/index.jsp?action=search&redirect=true&inventoryNumber=8152,,,"Socken: Bäl socken, Kommun: Gotland kommun, Landskap: Gotland, Land: Sverige",,,,,,
71,Bryne (2),Historiska museet,Bryne,Hantverk och redskap,,Bergart  Fyllit,,,1,1,1250 – 1699,Högmedeltid  1600-tal,,,,,,,,,605134_HST,Fyndnummer: 45  FID: 605134,,,,,,,,,,,2007-11-26,34749,,KML,,"Plats: Kvarteret Trädgården, Fornlämning: L1941:2293, Socken: Uppsala socken, Kommun: Uppsala kommun, Landskap: Uppland, Land: Sverige",,,,,,
72,Amulettring,Historiska museet,Amulettring,,,Järn,Vikt 3.8 g,,1,,,,,,,,,,,,1214185_HST,Fyndnummer: 4063  FID: 1214185,,,,,,,,,,,,35464,,KML,,"Plats: Skeke, Fornlämning: L1940:5093, Socken: Rasbo socken, Kommun: Uppsala kommun, Landskap: Uppland, Land: Sverige",,,,,,
73,Krampa (2),Historiska museet,Krampa,,,Järn,Vikt 2 g,,1,,,,,,,,,,,,1213894_HST,Fyndnummer: 3881  FID: 1213894,,,,,,,,,,,,35464,,KML,,"Plats: Skeke, Fornlämning: L1940:5093, Socken: Rasbo socken, Kommun: Uppsala kommun, Landskap: Uppland, Land: Sverige",,,,,,
74,Mejsel,Historiska museet,Mejsel,,,Järn,Vikt 4 g,,1,,,,,,,,,,,,1213978_HST,Fyndnummer: 3683  FID: 1213978,,,,,,,,,,,,35464,,KML,,"Plats: Skeke, Fornlämning: L1940:5093, Socken: Rasbo socken, Kommun: Uppsala kommun, Landskap: Uppland, Land: Sverige",,,,,,
75,vaxkaka,Historiska museet,vaxkaka,Hantverk och redskap,,Vax,Vikt 417.3 g,,1,3,890 – 1030,Vikingatid,,,,,,,,,877508_HST,FID: 877508,,,,,,,,,,,,11120,http://catview.historiska.se/catview/CatViewServlet/index.jsp?action=search&redirect=true&inventoryNumber=11120,,,"Plats: Rantarve, Socken: Halla socken, Kommun: Gotland kommun, Landskap: Gotland, Land: Sverige",,,,,,
76,Mejsel (2),Historiska museet,Mejsel,,,Järn,Vikt 11 g,,1,,,,,,,,,,,,1214051_HST,Fyndnummer: 4190  FID: 1214051,,,,,,,,,,,,35464,,KML,,"Plats: Skeke, Fornlämning: L1940:5093, Socken: Rasbo socken, Kommun: Uppsala kommun, Landskap: Uppland, Land: Sverige",,,,,,
77,Betsel,Historiska museet,Betsel,,,Järn,Vikt 56 g,,1,,,,,,,,,,,,1214045_HST,Fyndnummer: 4157  FID: 1214045,,,,,,,,,,,,35464,,KML,,"Plats: Skeke, Fornlämning: L1940:5093, Socken: Rasbo socken, Kommun: Uppsala kommun, Landskap: Uppland, Land: Sverige",,,,,,
78,Pilspets (2),Historiska museet,Pilspets,,,Järn,Vikt 7 g,,1,,,,,,,,,,,,1214164_HST,Fyndnummer: 605  FID: 1214164,,,,,,,,,,,,35464,,KML,,"Plats: Skeke, Fornlämning: L1940:5093, Socken: Rasbo socken, Kommun: Uppsala kommun, Landskap: Uppland, Land: Sverige",,,,,,
79,Pärlspridare,Historiska museet,Pärlspridare,Dräkttillbehör  Dräkt och personlig utrustning  Arkeologisk samling,,Brons,,,1,,500 f.Kr. – 1100,Järnålder,,,,,,,,,33745_HST,Fyndnummer: 4  FID: 33745,,,,,,,,,,,,31666,,,,"Plats: Nygårds, Fastighet: Nygårds 1:144, Socken: Västerhejde socken, Kommun: Gotland kommun, Landskap: Gotland, Land: Sverige",,,,,,
80,hylsa,Historiska museet,hylsa,Övrigt  Dräkt och personlig utrustning  Arkeologisk samling,,Brons,Höjd 40 mm  Höjd 40 mm,,1,1,500 f.Kr. – 1100,Järnålder,,,,,,,,,27086_HST,Fyndnummer: 3  FID: 27086,,,,,,,,,,,,31895,,,,"Plats: Bölske, Fastighet: Bölske 1:2, Socken: Grötlingbo socken, Kommun: Gotland kommun, Landskap: Gotland, Land: Sverige",,,,,,
81,Föremål (2),Historiska museet,Föremål,,,Järn,Vikt 5 g,,3,,,,,,,,,,,,1213974_HST,Fyndnummer: 3763  FID: 1213974,,,,,,,,,,,,35464,,KML,,"Plats: Skeke, Fornlämning: L1940:5093, Socken: Rasbo socken, Kommun: Uppsala kommun, Landskap: Uppland, Land: Sverige",,,,,,
82,"Ringspännebygel, brons-",Hallwylska museet,Ringspännebygel,Knäppen och spännen  58. LVIII Jordfynd från olika land,,Brons,,,,,,,,,,,,,,,LVIII:F.b.a.01._HWY,,,,,,,,,,,,,,,,,,,,,,,"Typ  Äldre inventarium  Datum  1927  Titel  RINGSPÄNNEBYGEL från Gotland, vikingatid.  Text  Af brons. Oval, öppen ring med rombiskt tvärsnitt och afsmalnande åt ändarna, som äro af-slutade i en uppsvängd fasetterad knopp; å hvardera af de båda öfre sidorna vid ytterkanten ett instämpladt tvärställdt, trepunkteradt uddmönster, afslutadt vid ändarna i ett triangulärt ornament; å hvardera knoppens öfversida ett likarmadt kors med utsvällda ändar. Längd: 4.2 cm.; bredd: 3.5 cm.; tjocklek: 0.7 cm. Anm. Mörk patina. Inköpt af Wilhelmina von Hallwyl, f. Kempe, under 1880-talets senare hälft hos Kongl. Hofjuvelerarfirman Gustaf Möllenborg (innehafvare L. C. Feron), Drottninggatan 14, Stockholm. Pris: Kr. 20. Enligt uppgift från Kongl. Hofjuvelerarfirman Gustaf Möllenborg: Jordfynd från Gotland.  + Visa mer"
83,Syl,Historiska museet,Syl,,,Järn,Vikt 2 g,,1,,,,,,,,,,,,1214175_HST,Fyndnummer: 4027  FID: 1214175,,,,,,,,,,,,35464,,KML,,"Plats: Skeke, Fornlämning: L1940:5093, Socken: Rasbo socken, Kommun: Uppsala kommun, Landskap: Uppland, Land: Sverige",,,,,,
84,Koskälla (2),Historiska museet,Koskälla,,,Järn,Vikt 35 g,,1,,,,,,,,,,,,1213981_HST,Fyndnummer: 3662  FID: 1213981,,,,,,,,,,,,35464,,KML,,"Plats: Skeke, Fornlämning: L1940:5093, Socken: Rasbo socken, Kommun: Uppsala kommun, Landskap: Uppland, Land: Sverige",,,,,,
85,Holkyxa,Historiska museet,Holkyxa  Yxa,Arkeologisk samling,,Järn,Vikt 15 g,,1,,,,,,,,,,,,1213968_HST,Fyndnummer: 592  FID: 1213968,,,,,,,,,,,,35464,,KML,,"Plats: Skeke, Fornlämning: L1940:5093, Socken: Rasbo socken, Kommun: Uppsala kommun, Landskap: Uppland, Land: Sverige",,,,,,
86,Draglåsnyckel (2),Historiska museet,Draglåsnyckel  Nyckel,Arkeologisk samling,,Järn,Vikt 13 g,,1,,,,,,,,,,,,1213906_HST,Fyndnummer: 3836  FID: 1213906,,,,,,,,,,,,35464,,KML,,"Plats: Skeke, Fornlämning: L1940:5093, Socken: Rasbo socken, Kommun: Uppsala kommun, Landskap: Uppland, Land: Sverige",,,,,,
87,Viktlod,Historiska museet,Viktlod,,,Cu-legering,Vikt 1.1 g,,1,,,,,,,,,,,,1213768_HST,Fyndnummer: 2193  FID: 1213768,,,,,,,,,,,,35464,,KML,,"Plats: Skeke, Fornlämning: L1940:5093, Socken: Rasbo socken, Kommun: Uppsala kommun, Landskap: Uppland, Land: Sverige",,,,,,
88,Loshultskanonen,Historiska museet,loshultskanonen  Kanon  Eldhandvapen,Vapen och rustningar,,Cu-legering,Vikt 9058 g  Längd 300 mm  Diameter 100 mm,,1,,1300 – 1350,Medeltid,,,,,,,,,114743_HST,FID: 114743,"Metallteknik under vikingatid och medeltid, Oldeberg, Andreas, 61",,,,,,,,,,,2891,http://catview.historiska.se/catview/CatViewServlet/index.jsp?action=search&redirect=true&inventoryNumber=2891,,,"Plats: Loshult, Fornlämning: L1991:3380, Fastighet: Loshult nr 3, Socken: Loshult socken, Kommun: Osby kommun, Landskap: Skåne, Land: Sverige",,,,,,
89,Runbleck,Historiska museet,Runbleck  Bleck,Arkeologisk samling,,Bly,Längd 36 mm  Bredd 19 mm (Minsta bredd)  Bredd 22 mm (Största bredd)  Tjocklek 6 mm  Höjd 9 mm (Min. höjd runor)  Höjd 14 mm (Max höjd runor)  + Visa 1 till,,1,,600 – 799,Vendeltid  Vikingatid,,,,,,,,,1371973_HST,Fyndnummer: 440  FID: 1371973,,,,,,,,,,,2023-08-25,36566,,KML,,"Plats: Binge, Fornlämning: L1975:8701, Socken: Alva socken, Kommun: Gotland kommun, Landskap: Gotland, Land: Sverige",,,,,,
